id,name,genre,popularity
00FQb4jTyendYWaN8pK0wa,Lana Del Rey,"art-pop,pop",92
027TpXKGwdXP7iwbjUSpV8,The Walters,"chicago-indie,pov:-indie",73
06HL4z0CvFAxyc27GXpf02,Taylor Swift,pop,100
06nvjg4wBANK6DCHjqtPNd,Mahmood,"italian-adult-pop,italian-pop",66
08PvCOlef4xdOr20jFSTPd,Flo Milli,viral-rap,74
0C8ZW7ezQVs4URX5aX7Kqx,Selena Gomez,"pop,post-teen-pop",83
0ECwFtbIWEVNwjlrfc6xoL,Eagles,"album-rock,classic-rock,heartland-rock,mellow-gold,rock,soft-rock,yacht-rock",77
0EmeFodog0BfCgMzAIvKQp,Shakira,"colombian-pop,dance-pop,latin-pop,pop",88
0FvHxb8a4I0A2i8jKCsFei,Oscar Ortiz,corrido,66
0HS96tPggl2nwiz3gNWWI5,Mitchell Ayres & His Orchestra,man's-orchestra,57
0HU0U9kdXEHZVxUNbuQe8S,Donny Hathaway,"chicago-soul,classic-soul,funk,neo-soul,quiet-storm,soul,southern-soul",57
0JXiS2FrAg3wQYJHcmZdrc,B. Swanson Quartet,,52
0LyfQWJT6nXafLPZqxe9Of,Various Artists,,0
0MHgLfmQdutffmvWe5XBTN,Burl Ives,"adult-standards,american-folk-revival",57
0NyzfcGDZZ6GM25EBG9BYK,Ray Parker Jr.,theme,68
0PCCGZ0wGLizHt2KZ7hhA2,Artemas,,79
0Q8NcsJwoCbZOHHW63su5S,Mora,"trap-latino,urbano-latino",82
0VRj0yCOv2FXJNP47XQnx5,Quavo,"atl-hip-hop,melodic-rap,rap,trap",81
0WwKxmZjmKUp9y0Jg1LWk1,Beat Record,,17
0XeEobZplHxzM9QzFQWLiR,Eslabon Armado,"corrido,corridos-tumbados,sad-sierreno,sierreno",79
0Y5tJX1MQlPlqiwlOH1tJY,Travis Scott,"rap,slap-house",94
0b1sIQumIAsNbqAoIClSpy,j-hope,"k-pop,k-rap",74
0c173mlxpT3dSFRgMO8XPh,Big Sean,"detroit-hip-hop,hip-hop,pop-rap,r&b,rap,southern-hip-hop,trap",78
0du5cEVh5yTK9QJze8zA0C,Bruno Mars,"dance-pop,pop",96
0elWFr7TW8piilVRYJUe4P,Natanael Cano,"corrido,corridos-tumbados,musica-mexicana,sad-sierreno,sierreno",89
0fGcIStdT1OpFFhOC7Wp36,Teezo Touchdown,,75
0hCNtLu0JehylgoiP8L4Gh,Nicki Minaj,"hip-pop,pop,queens-hip-hop,rap",87
0i1s9WcIu0PrUvHzALgofo,Seu Jorge,"mpb,samba-rock",70
0iEtIxbK0KxaSlF7G42ZOp,Metro Boomin,rap,90
0jPHHnU8GUWEF7rwPE9osY,Jordan Adetunji,irish-hip-hop,73
0jbo7KFNMiIkfBR6ih0yhm,iñigo quintero,,68
0mA4dkNGiN4fqTBi2SLlAv,Edgardo Nuñez,"corrido,corridos-tumbados,sad-sierreno,sierreno",73
0n4Fao9kbjgM76RmVlfSwr,YG Marley,,65
0oK8UXKZbQezeRhE0KeBAV,Henri René and His Orchestra,man's-orchestra,54
0pePYDrJGk8gqMRbXrLJC8,Luis R Conriquez,"corrido,sad-sierreno,sierreno",87
0sKsReKseslDlhxmbN6wLk,BabyTron,"detroit-hip-hop,scam-rap",70
0tkHE1pQ5ZCgQb8WZ0ba79,Gaeko,"k-rap,korean-r&b",65
0tmwSHipWxN12fsoLcFU3B,Manuel Turizo,"colombian-pop,latin-pop,reggaeton,reggaeton-colombiano,trap-latino,urbano-latino",84
0wi4yTYlGtEnbGo4ltZTib,Shakin' Stevens,"classic-uk-pop,rockabilly",57
0xj9MJx9r0wO2o4aqdergP,DJ TOPO,"deboxe,funk-mtg,rave-funk",72
0xliTEbFfy5HQHvsTknTkX,Alphaville,"new-romantic,new-wave-pop,synthpop",75
0ys2OFYzWYB5hRDLCsBqxt,Fuerza Regida,"corrido,corridos-tumbados,sad-sierreno,sierreno",91
10exVja0key0uqUkk6LJRT,Vance Joy,"folk-pop,modern-rock",78
11kt6ggsdxvI8MhyeSMKom,CYRIL,,80
11p2E654TTU8e0nZWBR4AL,Mark Ambor,singer-songwriter-pop,75
124jbwgd8Hh6LW7jAqTa8r,Agatino Romero,,66
12GqGscKJx3aE4t07u7eVZ,Peso Pluma,"corridos-tumbados,sad-sierreno",93
13y7CgLHjMVRMDqxdx0Xdo,Gucci Mane,"atl-hip-hop,dirty-south-rap,hip-hop,pop-rap,rap,southern-hip-hop,trap",78
163tK9Wjr9P9DmM0AVK7lm,Lorde,"art-pop,metropopolis,nz-pop,pop",78
181bsRPaVXVlUKXrxwZfHK,Megan Thee Stallion,"houston-rap,pop,rap,trap-queen",83
18dspUI6gqabm5XCC2RcUD,SOG,reggaeton-colombiano,69
19HM5j0ULGSmEoRcrSe5x3,Milo j,"trap-argentino,trap-latino,urbano-latino",83
19k8AgwwTSxeaxkOuCQEJs,Jelly Roll,"country-rap,modern-country-pop,nashville-hip-hop,tennessee-hip-hop",83
1AwO9pWEBSBoWdEZu28XDC,Eartha Kitt,"torch-song,vocal-jazz",58
1Cs0zKBU1kc0i8ypK3B9ai,David Guetta,"big-room,dance-pop,edm,pop,pop-dance",90
1Do4bSzfUl0KWL9r1fITu0,YOON MIRAE,"k-pop,korean-ost,korean-pop,korean-r&b",65
1GxkXlMwML1oSg5eLPiAz3,Michael Bublé,"adult-standards,canadian-pop,jazz-pop,lounge",78
1HY2Jd0NmPuamShAr6KMms,Lady Gaga,"art-pop,dance-pop,pop",92
1K7IC4qha4KEXySo6yZmnH,Michelangelo,,60
1McMsnEElThX1knmY4oliG,Olivia Rodrigo,pop,89
1Ml4OuStDoympbREURAM15,The Fontane Sisters,"deep-adult-standards,vocal-harmony-group",56
1Mxqyy3pSjf8kZZL4QVxS0,Frank Sinatra,"adult-standards,easy-listening,lounge",80
1QsdzIKkTT5gDFj8GB1cIX,Yseult,"french-pop,r&b-francais",74
1RyvyyTE3xzB2ZywiAwp0i,Future,"atl-hip-hop,hip-hop,rap,southern-hip-hop,trap",93
1SIocsqdEefUTE6XKGUiVS,BABYMONSTER,5th-gen-k-pop,77
1TA5sGRlKUJXBN4ZyJuDIX,Blessd,"reggaeton,urbano-latino",82
1TtXnWcUs0FCkaZDPGYHdf,Darell,"latin-hip-hop,reggaeton,trap-latino,urbano-latino",78
1U1el3k54VvEUzo3ybLPlM,Kali Uchis,colombian-pop,86
1URnnhqYAYcrqrcwql10ft,21 Savage,"atl-hip-hop,hip-hop,rap",89
1UTPBmNbXNTittyMJrNkvw,Blake Shelton,"classic-oklahoma-country,contemporary-country,country,country-road",73
1WaFQSHVGZQJTbf0BdxdNo,Tommy Richman,chill-abstract-hip-hop,79
1Xyo4u8uXC1ZmMpatF05PJ,The Weeknd,"canadian-contemporary-r&b,canadian-pop,pop",96
1Yj5Xey7kTwvZla8sqdsdE,Cris Mj,"mambo-chileno,trap-latino,urbano-chileno,urbano-latino",88
1bfl0AU8SqmLkElptOprhC,Julión Álvarez y su Norteño Banda,"banda,musica-mexicana,norteno,sad-sierreno",85
1c3uso4iIeeX3P0bhKaQDq,Jaxomy,,67
1dKdetem2xEmjgvyymzytS,Grupo Firme,"banda,musica-mexicana,norteno,sierreno",81
1dfeR4HaWDbWqFHLkxsg1d,Queen,"classic-rock,glam-rock,rock",86
1eIYP01ZLPKEExhcV6xFgt,Grelo,,72
1fctva4kpRbg2k3v7kwRuS,Rvssian,"reggaeton,reggaeton-flow,trap-latino,urbano-latino",75
1gW6pz5n1aK249L0GvfQCC,Grupo Marca Registrada,"corrido,norteno,sad-sierreno",80
1iCnM8foFssWlPRLfAbIwo,Gigi Perez,bedroom-pop,80
1mcTU81TzQhprhouKaTkpq,Rauw Alejandro,"puerto-rican-pop,reggaeton,trap-latino,urbano-latino",90
1moxjboGR7GNWYIMWsRjgG,Florence + The Machine,"baroque-pop,modern-rock,neo-mellow,uk-alternative-pop",79
1mpOD8ZwHnbsryIuXWq0R1,Zeynep Bastık,turkish-pop,64
1ncWEkB4AQh1rxC8ObpBoH,Baby Lasagna,,52
1oSPZhvZMIrWW5I41kPkkY,Jimin,k-pop,88
1pBLC0qVRTB5zVMuteQ9jJ,Lily-Rose Depp,pop,77
1pPmIToKXyGdsCF6LmqLmI,Rich The Kid,"atl-hip-hop,melodic-rap,plugg,rap,trap",69
1pi7nGhOM7PTHR5YEgXVGq,Villano Antillano,"rap-boricua,urbano-latino",67
1r4hJ1h58CWwUQe3MxPuau,Maluma,"latin-pop,reggaeton,reggaeton-colombiano,trap-latino,urbano-latino",86
1tuNNda2SSH3o4lUms5K6C,Sebastian Esquivel,corrido,62
1uNFoZAHBGtllmzznpCI3s,Justin Bieber,"canadian-pop,pop",91
1vaQ6v3pOFxAIrFoPrAcom,Ari Lennox,alternative-r&b,62
1yxSLGMDHlW21z4YXirZDS,Black Eyed Peas,"dance-pop,pop,pop-rap",81
20wkVLutqVOYrc0kxFs7rA,Daniel Caesar,canadian-contemporary-r&b,87
22wbnEMDvgVIAGdFeek6ET,Benson Boone,singer-songwriter-pop,86
23zg3TcAtWQy7J6upgbUnj,USHER,"atl-hip-hop,contemporary-r&b,dance-pop,pop,r&b,rap,south-carolina-hip-hop,urban-contemporary",83
246dkjvS1zLTtiykXe5h60,Post Malone,"dfw-rap,melodic-rap,pop,rap",91
250b0Wlc5Vk0CoUsaCY84M,JENNIE,k-pop,83
25uiPmTg16RbhZWAqwLBy5,Charli xcx,"art-pop,candy-pop,metropopolis,pop,uk-pop",89
26AHtbjWKiwYzsoGoUZq53,Pentatonix,"a-cappella,viral-pop",68
26VEPCGAYB9OClQodb0OR1,Tiera Kennedy,black-americana,49
26WKgv73kRHD0gEDKD1i8j,Keinemusik,melodic-house,78
26dSoYclwsYLMAKD3tpOr4,Britney Spears,"dance-pop,pop",83
27LlKWxS3KXW7RRAxN5S8s,Geolier,"italian-hip-hop,italian-pop,rap-napoletano,trap-italiana",79
293zczrfYafIItmnmM3coR,Chuck Berry,"blues,blues-rock,classic-rock,rock,rock-and-roll,rockabilly,soul",69
2AUT4fNQ2QC0e2f5pIxOCd,Dem Jointz,,54
2CKOmarVWvWqkNWUatHCex,Ana Castela,"agronejo,sertanejo,sertanejo-pop,sertanejo-universitario",81
2DFCHTDIA0t638a4mm37dK,Raj Shekhar,modern-bollywood,67
2DaxqgrOhkeH0fpeiQq2f4,Oasis,"beatlesque,britpop,madchester,permanent-wave,rock",82
2EMAnMvWE2eb56ToJVfCWs,Bryson Tiller,"kentucky-hip-hop,r&b,rap",83
2FXC3k01G6Gw61bmprjgqS,Hozier,"irish-singer-songwriter,modern-rock,pop,pov:-indie",86
2KZFvVVk9lxD85USaOv76T,Gustavo Moura & Rafael,sertanejo-pop,58
2LIk90788K0zvyj2JJVwkJ,Jack Harlow,"deep-underground-hip-hop,hip-hop,kentucky-hip-hop,pop-rap,rap",80
2LRoIwlKmHjgvigdNGBHNo,Feid,"colombian-pop,pop-reggaeton,reggaeton,reggaeton-colombiano,trap-latino,urbano-latino",92
2NCGI6dLTxLdI9XHdv7QfM,The Andrews Sisters,"adult-standards,swing,torch-song,vocal-harmony-group",58
2RQXRUsr4IW1f3mKyKsy4B,Noah Kahan,"pov:-indie,singer-songwriter-pop",87
2YZyLoL8N0Wb9xBt1NhZWg,Kendrick Lamar,"conscious-hip-hop,hip-hop,rap,west-coast-rap",92
2auC28zjQyVTsiZKNgPRGs,RM,k-rap,77
2cBh5lVMg222FFuRU7EfDE,Sophie Ellis-Bextor,"dance-pop,europop,new-wave-pop",69
2dIgFjalVxs4ThymZ67YCE,Stray Kids,"k-pop,k-pop-boy-group,pop",85
2e4G04F77jxVuDYo44TCSm,Loco,"k-pop,k-rap,korean-r&b",67
2hlmm7s2ICUX0LVIhVFlZQ,Gunna,"atl-hip-hop,melodic-rap,rap,trap",87
2iE18Oxc8YSumAU232n4rW,The Jackson 5,"motown,soul",67
2jzc5TC5TVFLXQlBNiIUzE,a-ha,"new-romantic,new-wave,new-wave-pop,permanent-wave,synthpop",73
2loEsOijJ6XiGzWYFXMIRk,Adam Port,melodic-house,77
2mLA48B366zkELXYx7hcDN,Peggy Gou,"electra,float-house",68
2o5jDhtHVPhrJdv3cEQ99Z,Tiësto,"big-room,brostep,dutch-edm,edm,house,pop-dance,progressive-electro-house,slap-house,trance",84
2p4aN0Uxkk3iT3HK0cJ2cJ,Tokischa,"rap-latina,trap-dominicano",71
2qoQgPAilErOKCwE2Y8wOG,GloRilla,southern-hip-hop,82
2rmkQLzj0k4nZdQehOUByO,Chino Pacas,corrido,83
2s4tjL6W3qrblOe0raIzwJ,Yoko Ono,"experimental,experimental-pop",56
2sF5nNXnrrsCPZlt8ZpyGd,Rich Amiri,rage-rap,71
2sil8z5kiy4r76CRTXxBCA,The Goo Goo Dolls,"neo-mellow,permanent-wave,pop-rock,post-grunge",76
2tIP7SsRs7vjIcLrU85W8J,The Kid LAROI,australian-hip-hop,85
2txHhyCwHjUEpJjWrEyqyX,Tom Odell,chill-pop,80
2uYWxilOVlUdk4oV9DvwqK,Mitski,"brooklyn-indie,pov:-indie",84
2wcrc3fjebDRLVdtRUa3pu,Cal Scruby,"deep-underground-hip-hop,indie-pop-rap,ohio-hip-hop",58
2wzMOQwNT6ZvVB4amvhFAH,The Pogues,"celtic-punk,celtic-rock,folk-punk,punk",58
2x7PC78TmgqpEIjaGAZ0Oz,Trueno,"argentine-hip-hop,bases-de-freestyle,trap-argentino,trap-latino,urbano-latino",80
2yyaNPcdxZcn4iutCcLMaC,Orso,,75
33NVpKoXjItPwUJTMZIOiY,David Kushner,"gen-z-singer-songwriter,singer-songwriter-pop",76
33qOK5uJ8AR2xuQQAhHump,Teddy Swims,,86
35S20clEkkSNUo23ViaslZ,Band Aid,musical-advocacy,50
36cgvBn0aadzOijnjjwqMN,ILLIT,5th-gen-k-pop,76
37lTKHi901VnwngQ7C8noT,Malachiii,,75
38EmEgXkgK51MT2tPY0EoC,Bobby Helms,,62
391oLRVmoTkumiN79HkTWu,Darlene Love,,54
3BmGtnKgCSGYIUhmivXKWX,Kelly Clarkson,"dance-pop,pop,talent-show",75
3CDoRporvSjdzTrm99a3gi,LUDMILLA,"funk-carioca,funk-pop,funk-rj,pagode-baiano,pop-nacional",78
3DbwFQlvLxRSi2uX8mf81A,Sexyy Red,trap-queen,80
3E12tRURRvPfHz0hAMCFYc,Omar Courtz,"trap-boricua,trap-latino,urbano-latino",82
3IJ21966TwNZI24MwZHMu4,Baby Tate,trap-queen,67
3JsHnjpbhX4SnySpvpa9DK,V,"j-division,korean-ost",83
3L6bhGrHegoci41Jx2nP0V,Bump J,chicago-rap,45
3LZZPxNDGDFVSIPqf4JuEf,Ice Spice,bronx-drill,75
3MdXrJWsbVzdn6fe5JYkSQ,Latto,trap-queen,80
3Me35AWHCGqW4sZ7bWWJt1,Xavi,sad-sierreno,78
3Nipsl6GVwwGyeAk0J29C6,MC G15,"funk-carioca,funk-mtg,funk-ostentacao,funk-paulista",68
3PhoLpVuITZKcymswpck5b,Elton John,"glam-rock,mellow-gold,piano-rock,rock",84
3SozjO3Lat463tQICI9LcE,Tyla,,77
3TVXtAsR1Inumwj472S9r4,Drake,"canadian-hip-hop,canadian-pop,hip-hop,pop-rap,rap",96
3UTF2no3muGdiFXVujl94i,Kapo,,80
3WGpXCj9YhhfX11TToZcXP,Troye Sivan,"australian-pop,pop,viral-pop",79
3WrFJ7ztbogyGnTHbHJFl2,The Beatles,"british-invasion,classic-rock,merseybeat,psychedelic-rock,rock",86
3ZooCJzNMTLpmJaIRUEorI,Young Dro,"atl-hip-hop,crunk,dirty-south-rap,futuristic-swag,old-school-atlanta-hip-hop,southern-hip-hop,trap",53
3ZpEKRjHaHANcpk10u6Ntq,Ayra Starr,afrobeats,78
3bO19AOone0ubCsfDXDtYt,Myles Smith,singer-songwriter-pop,79
3eVa5w3URK5duf6eyVDbu9,ROSÉ,k-pop,84
3eqjTLE0HfPfh78zjh6TqT,Bruce Springsteen,"heartland-rock,mellow-gold,permanent-wave,rock,singer-songwriter",79
3fMbdgg4jU18AjLCKBhRSm,Michael Jackson,"r&b,soul",86
3hcs9uc56yIGFCSy9leWe7,Lil Durk,"chicago-drill,chicago-rap,drill,hip-hop,pop-rap,rap,trap",82
3ipn9JLAPI5GUEo4y4jcoi,Ludacris,"atl-hip-hop,dance-pop,dirty-south-rap,hip-hop,old-school-atlanta-hip-hop,pop-rap,rap,southern-hip-hop,trap",79
3l9G1G9MxH6DaRhwLklaf5,Oscar Maydon,corrido,87
3m5qlPf2OkihLz3dRYnkPA,Ovy On The Drums,"colombian-pop,reggaeton,reggaeton-colombiano,trap-latino,urbano-latino",79
3oDbviiivRWhXwIE8hxkVV,The Beach Boys,"baroque-pop,classic-rock,folk-rock,mellow-gold,psychedelic-rock,rock,singer-songwriter,sunshine-pop",73
3pQ4aA7dkolyjUAMrVScgh,Manan Bhardwaj,"desi-pop,modern-bollywood",64
3qiHUAX7zY4Qnjx8TNUzVx,Yeat,"pluggnb,rage-rap",84
3qsKSpcV3ncke3hw52JSMB,Young Miko,"trap-latino,urbano-latino",80
3qvcCP2J0fWi0m0uQDUf6r,Luan Santana,"arrocha,sertanejo,sertanejo-universitario",79
3tlXnStJ1fFhdScmQeLpuG,Brent Faiyaz,"r&b,rap",86
3uwAm6vQy7kWPS2bciKWx9,girl in red,"bedroom-pop,indie-pop,norwegian-indie,pov:-indie",78
3wagsd3wjqjNVlMLPudipm,Rumi Carter,,43
3xs0LEzcPXtgNfMNcHzLIP,Rockwell,,68
3y2cIKLjiOlp1Np37WiUdH,Shaboozey,"modern-country-pop,pop-rap",80
40ZNYROS4zLfyyBSs2PGe2,Zach Bryan,classic-oklahoma-country,91
42MRYPhQfcEXqb18dl5ERX,"Bobby ""Boris"" Pickett","halloween,novelty",67
43ZHCT0cAZBISjO8DG9PnE,Elvis Presley,"rock-and-roll,rockabilly",80
45dkTj5sMRSjrmBSBeiHym,Tate McRae,pop,85
46pWGuE3dSwY3bMMXGBvVS,Rema,"afrobeats,nigerian-pop",79
47mIJdHORyRerp4os813jD,League of Legends,"speedrun,video-game-music",79
47z98pKd71yIbgXwe9LPVC,Bernadya,,83
49e4v89VmlDcFCMyDv9wQ9,Dean Martin,"adult-standards,easy-listening,lounge,vocal-jazz",72
4AK6F7OLvEQ5QYCBNiQWHq,One Direction,"boy-band,pop,post-teen-pop,talent-show",91
4ClziihVpBeFXNyDH83Lde,UMI,"alternative-r&b,bedroom-soul",62
4E2rKHVDssGJm2SCDOMMJB,Doechii,alternative-r&b,76
4GNC7GD6oZMSxPGyXy4MNB,Lewis Capaldi,"pop,uk-pop",81
4Gso3d4CscCijv0lmajZWs,Don Toliver,rap,88
4LazDzEGshEUn9D2zbm6w2,The Citizens of Halloween,,67
4OVbrPbhvK46A1uXTU1u5F,Lay Bankz,jersey-club,68
4QQgXkCYTt3BlENzhyNETg,"Earth, Wind & Fire","disco,funk,jazz-funk,motown,soul",76
4STHEaNw4mPZ2tzheohgXB,Paul McCartney,"classic-rock,mellow-gold,rock,soft-rock",73
4T8NIfZmVY6TJFqVzN6X49,tobi lou,"chicago-rap,indie-hip-hop,indie-r&b",57
4Uc8Dsxct0oMqx0P6i60ea,Conan Gray,"bedroom-pop,pop,pov:-indie",80
4V8LLVI7PbaPR0K2TGSxFF,"Tyler, The Creator","hip-hop,rap",94
4ZdPHdArIbz2GSBXkozQYC,Los Esquivel,,62
4axKuDPr6WKcDCyh8vueTY,Luar La L,"trap-latino,urbano-latino",75
4cPHsZM98sKzmV26wlwD2W,Brenda Lee,"adult-standards,easy-listening,lounge,rockabilly",65
4frDtYgwXXKkbyQzjOmJG5,The Crypt-Kickers,,67
4gvjmrtzydbMpyJaXUtwvP,Addison Rae,social-media-pop,76
4gzpq5DPGxSnKTe4SA8HAU,Coldplay,"permanent-wave,pop",92
4iHNK0tOyZPYnBU7nGAgpQ,Mariah Carey,"dance-pop,pop,urban-contemporary",81
4j96cMcT8GRi11qbvo1cLQ,Michael Marcagi,,73
4jpqm8g4We93Uk6M9M4FDh,Reyna Roberts,black-americana,49
4lY2DXvRv9RPeFcUtn6PUh,HEARTSTEEL,,52
4nVa6XlBFlIkF6msW57PHp,Hanumankind,"desi-hip-hop,indian-underground-rap,malayalam-hip-hop",74
4oUHIQIBe0LHzYfvXNW4QM,Morgan Wallen,contemporary-country,91
4q3ewBCX7sLwd24euuV69X,Bad Bunny,"reggaeton,trap-latino,urbano-latino",95
4qDRNT8ldCfCjSp9lBzYC5,Joel De La P,corrido,69
4qU7IJSReZnsLy5907Mtau,Richy Mitch & The Coal Miners,modern-folk-rock,74
4sj6D0zlMOl25nprDJBiU9,Andy Williams,"adult-standards,easy-listening",65
4tZwfgrHOc3mvqYlEYSvVi,Daft Punk,"electro,filter-house,rock",82
4tuJ0bMpJh08umKkEXKUI5,Gracie Abrams,alt-z,89
4ufh0WuMZh6y4Dmdnklvdl,BAEKHYUN,k-pop,67
4x1nvY2FN8jxqAFA0DA02H,John Lennon,"classic-rock,rock",71
4xPQFgDA5M2xa0ZGo5iIsv,¥$,,78
4yiQZ8tQPux8cPriYMWUFP,Gwen Stefani,"dance-pop,pop",75
50co4Is1HCEo8bhOyUWKpn,Young Thug,"atl-hip-hop,atl-trap,gangster-rap,hip-hop,melodic-rap,rap,trap",86
52iwsT98xCoGgiGntTiR7K,Quevedo,"rap-canario,trap-latino,urbano-latino",82
540vIaP2JwjQb9dm3aArA4,DJ Snake,"dance-pop,edm,electronic-trap,pop,pop-dance",79
54seKvtsZauR1iauN0ptpo,De La Rose,"trap-latino,urbano-latino",79
55Aa2cqylxrFIXC767Z865,Lil Wayne,"hip-hop,new-orleans-rap,pop-rap,rap,trap",88
5H4yInM5zmHqpKIoMNAx4r,Central Cee,"melodic-drill,r&drill",82
5HK6QtizXJzCmoYTkvFRik,Ndotz,chill-drill,74
5HeN1Iza4nZe03sFlonddz,Eugenio Esquivel,,62
5IcR3N7QB1j6KBL8eImZ8m,ScHoolboy Q,"gangster-rap,hip-hop,pop-rap,rap,southern-hip-hop,trap",78
5K4W6rqBFWDnAN6FQUkS6x,Kanye West,"chicago-rap,hip-hop,rap",93
5KEG7G8LDYlHgFDqZyEEs2,Chris Rea,"soft-rock,sophisti-pop",62
5KKpBU5eC2tJDzf0wmlRp2,RAYE,"uk-contemporary-r&b,uk-pop",79
5L1lO4eRHmJ7a0Q6csE5cT,LISA,k-pop,84
5MraexJKZDrQYzS98kNwie,Sevdaliza,"alternative-r&b,persian-electronic",77
5OCZWZ399lBKgxBxE8cjRM,Willie Jones,"black-americana,contemporary-country",48
5Pwc4xIPtQLFEnJriah9YJ,OneRepublic,"piano-rock,pop",85
5VadK1havLhK1OpKYsXv9y,D-Block Europe,"melodic-drill,uk-hip-hop",76
5W5bDNCqJ1jbCgTxDD0Cb3,Willie Nelson,"classic-country-pop,classic-texas-country,country,country-rock,nashville-sound,outlaw-country,singer-songwriter",73
5WUlDfRSoLAfcVSX1WnrxN,Sia,pop,85
5Wg72TowYBWIcSo3K2r84N,Nemo,,54
5YGY8feqx7naU7z4HrwZM6,Miley Cyrus,pop,84
5bppkTlu7F930pWlNn1b1g,Bhupinder Babbal,,53
5cj0lLjcoR7YOSnhnX0Po5,Doja Cat,"dance-pop,pop",87
5eumcnUkdmGvkvcsx1WFNG,Tito Double P,corrido,90
5f7VJjfbwm532GiveGC0ZK,Lil Baby,"atl-hip-hop,atl-trap,rap,trap",87
5fi7lIgJGH3RgUpJYcffQ7,4batz,,68
5ixB75BQR3ADoWQkcHQJTs,Gene Autry,"classic-oklahoma-country,cowboy-western,traditional-country,yodeling",56
5lpH0xAS4fVfLkACg9DAuM,Wham!,"new-romantic,new-wave,new-wave-pop,soft-rock",72
5p9HO3XC5P3BLxJs5Mtrhm,Djo,"pov:-indie,psychedelic-pop",76
5pKCCKE2ajJHZ9KAiaK11H,Rihanna,"barbadian-pop,pop,urban-contemporary",92
5v8jlSmAQfrkTjAlpUfWtu,Perry Como,"adult-standards,easy-listening",63
5vV3bFXnN6D6N3Nj4xRvaV,Jin,k-pop,81
5wCmhq5J2hPwL2r0eKurxn,cassö,"hypertechno,pop-dance",71
5wJ1H6ud777odtZl5gG507,Vishal Mishra,"desi-pop,filmi,modern-bollywood",78
5xKVALj2MSqOHmQhburCM8,Tanner Adell,modern-country-pop,56
64KEffDW9EtZ1y2vBYgq8T,Marshmello,"brostep,edm,pop,progressive-electro-house",84
64M6ah0SkkRsnPGtGiRAbb,Bebe Rexha,"dance-pop,pop",81
66CXWjxzNUsdJxJ2JdwvnR,Ariana Grande,pop,92
66ihevNkSYNzRAl44dx6jJ,Carin Leon,"corrido,musica-mexicana,sad-sierreno,sierreno",87
67FB4n52MgexGQIG8s0yUH,Lola Young,uk-pop,73
699OTQXzgjhIYAHMy9RyPD,Playboi Carti,"atl-hip-hop,plugg,pluggnb,rage-rap,rap",90
69UfPJgUmFFAVT740qGVZi,Ken Darby Singers,,37
6B1hSmaLdOvChinK2Z7gfi,Maisak,,72
6DARBhWbfcS9E4yJzcliqQ,Karan Aujla,"desi-hip-hop,punjabi-pop",81
6EVyI0S0b1Ld2nm37m5x85,Raffaella Carrà,classic-italian-pop,68
6Ff53KvcvAj5U7Z1vojB5o,*NSYNC,"boy-band,dance-pop,pop",77
6HaGTQPmzraVmaVxvz6EUc,Jung Kook,k-pop,87
6JSZJddy1dORbnzdx2ZLG9,Dj Agus Lima,previa,48
6Jrxnp0JgqmeUX1veU591p,Santigold,"alternative-dance,art-pop,indietronica,neo-synthpop",72
6KImCVD70vtIoJWnq6nGn3,Harry Styles,pop,85
6M2wZ9GZgrQXHCFfjv46we,Dua Lipa,"dance-pop,pop,uk-pop",88
6Qhgat07PNOdnJSnCXJigu,千葉雄喜,,68
6Sbl0NT50roqWvy746MfVf,Gabito Ballesteros,"corrido,sierreno",84
6TYimByryGphZCtwYopH0y,Lauana Prado,"sertanejo,sertanejo-pop,sertanejo-universitario",78
6U3ybJ9UHNKEdsH7ktGBZ7,JID,"hip-hop,pop-rap,rap,underground-hip-hop",78
6UlNIFEuWlBqb4TvlVCekq,Kirsty MacColl,new-wave-pop,52
6XX6KGpomRDPmGGm7bofCK,DJ Glenner,,77
6XjgqvaVLUib6lCerbZrYD,Stryv,,75
6XkjpgcEsYab502Vr1bBeW,Grupo Frontera,musica-chihuahuense,86
6XpaIBNiVzIetEPCWDvAFP,Whitney Houston,"dance-pop,pop",78
6XyY86QOPPrYVGvF9ch6wz,Linkin Park,"alternative-metal,nu-metal,post-grunge,rap-metal,rock",92
6YM5gRpMJkP0kUWRcvlHT3,Brittney Spencer,black-americana,48
6YVMFz59CuY7ngCxTxjpxE,aespa,k-pop-girl-group,84
6ZjFtWeHP9XN7FeKSUe80S,Bing Crosby,"adult-standards,easy-listening,lounge,swing",66
6aoGgTKGqtsjj48ymcNs4Z,MC Tuto,funk-consciente,81
6dLuQ5qXxIuWc5urxfIiZR,Calle 24,"corrido,corridos-tumbados,sad-sierreno,sierreno",76
6eUKZXaKkcviH0Ku9w2n3V,Ed Sheeran,"pop,singer-songwriter-pop,uk-pop",89
6l3HvQ5sa6mXTsMTB19rO5,J. Cole,"conscious-hip-hop,hip-hop,north-carolina-hip-hop,rap",86
6ltzsmQQbmdoHHbLZ4ZN25,Lord Huron,"indie-folk,stomp-and-holler",78
6mKwmTMzDrye9elc8JWiw3,Mc Leozin,"funk-bh,funk-mtg",70
6maPmKkdwM4eyhz5O4lbkP,Nonna,,51
6n28c9qs9hNGriNa72b26u,PNAU,"alternative-dance,aussietronica,australian-dance,australian-electropop",72
6pV5zH2LzjOUHaAvENdMMa,Neton Vega,corrido,84
6qqNVTkY8uBg9cP3Jd7DAH,Billie Eilish,"art-pop,pop",96
6roFdX1y5BYSbp60OTJWMd,Tim McGraw,"contemporary-country,country,country-road",73
6s5ubAp65wXoTZefE01RNR,Joost,,68
6tYCSHLtTI54AQJFOMfU45,Kalmi,,73
6tbjWDEIzxoDsBA1FuhfPW,Madonna,"dance-pop,pop",81
6tzRZ39aZlNqlUzQlkuhDV,Pabllo Vittar,"dance-pop,funk-carioca,funk-pop,pop-lgbtq+-brasileira,pop-nacional",76
6uzHLlGqFKaXYOnZyYmXYg,LOUKI,,73
6vWDO969PvNqNYHIOW5v0m,Beyoncé,"pop,r&b",87
6w71vXwHI2Oz6I5OO41tRM,LaToiya Williams,,69
6w9ToX5slZ4uIdmD17hJ3c,Bryant Myers,"reggaeton,reggaeton-flow,trap-latino,urbano-latino",83
70gP6Ry4Uo0Yx6uzPIdaiJ,Bas,"queens-hip-hop,sudanese-hip-hop,sudanese-pop,underground-hip-hop",66
70kkdajctXSbqSMJbQO424,Kacey Musgraves,"classic-texas-country,contemporary-country,country-dawn",77
716NhGYqD1jl2wI1Qkgq36,Bizarrap,"argentine-hip-hop,pop-venezolano,trap-argentino,trap-latino,urbano-latino",82
718COspgdWOnwOFpJHRZHS,Luke Combs,"contemporary-country,country",87
72OaDtakiy6yFqkt4TsiFt,Cher,"dance-pop,pop",71
735L650pvygCZZlPMyHqsN,John Scott Trotter & His Orchestra,light-music,39
738wLrAtLtCtFOLvQBXOXp,Major Lazer,"dance-pop,edm,electro-house,moombahton,pop,pop-dance",77
74KM79TiuVKeVCqs8QtB0B,Sabrina Carpenter,pop,95
77SW9BnxLY8rJ0RciFqkHh,The Neighbourhood,"modern-alternative-rock,modern-rock,pop",86
77tT1kLj6mCWtFNqiOmP9H,Daryl Hall & John Oates,"album-rock,classic-rock,mellow-gold,rock,singer-songwriter,soft-rock,yacht-rock",77
78adFi9EyRkMh3CTIatrV9,Linda Martell,swamp-rock,47
790FomKkXshlbRYZFtlgla,KAROL G,"reggaeton,reggaeton-colombiano,urbano-latino",91
79KQgTCu4wV38ECYKn62DZ,White Gold,,62
7CajNmpbOovFoOoasH2HaY,Calvin Harris,"dance-pop,edm,electro-house,house,pop,progressive-house,uk-dance",87
7CvTknweLr9feJtRGrpDBy,FloyyMenor,reggaeton-chileno,84
7CyeXFnOrfC1N6z4naIpgo,The Ronettes,"brill-building-pop,classic-girl-group,motown,rock-and-roll",69
7Ez6lTtSMjMf2YSYpukP1I,Dasha,,75
7FNnA9vBm6EKceENgCGRMb,Anitta,"funk-pop,funk-rj,pagode-baiano,pop,pop-nacional",83
7Gi6gjaWy3DxyilpF1a8Is,Junior H,"corrido,corridos-tumbados,musica-mexicana,sad-sierreno,sierreno",91
7GlBOeep6PqTfFi59PTUUN,Chappell Roan,indie-pop,89
7Icsejk4pdIhkq2KO5A0jD,ØZI,"mandopop,taiwan-hip-hop",58
7K78lVZ8XzkjfRSI7570FF,José Feliciano,"latin-pop,puerto-rican-pop",65
7Ln80lUS6He07XvHI8qqHH,Arctic Monkeys,"garage-rock,modern-rock,permanent-wave,rock,sheffield-indie",88
7LzTBVNarOeaDXFdzOugAI,Sly Pyper,,58
7c0XG5cIJTrrAgEC3ULPiq,Ty Dolla $ign,"hip-hop,pop-rap,r&b,southern-hip-hop,trap,trap-soul",84
7dGJo4pcD2V6oG8kP0tJRR,Eminem,"detroit-hip-hop,hip-hop,rap",93
7dzq55YG3wjViqexDwiycQ,Ivete Sangalo,"arrocha,axe,mpb,pagode,pop-nacional,samba-reggae,sertanejo-universitario",65
7gOdHgIoIKoe4i9Tta6qdD,Jonas Brothers,"boy-band,pop",75
7gW0r5CkdEUMm42w9XpyZO,Laufey,gen-z-singer-songwriter,82
7iK8PXO48WeuP03g8YR51W,Myke Towers,"reggaeton,trap-latino,urbano-latino",90
7iMvwE8qANp3aIfAGKEAwS,Cam'ron,"battle-rap,east-coast-hip-hop,harlem-hip-hop,southern-hip-hop",61
7j6DKwmjbxvpQO8h914uEz,Ryan Castro,"reggaeton,trap-colombiano,trap-latino,urbano-latino",79
7jAs1uPnpfNmT6e5qtEPxq,ATL Jacob,,74
7ltDVBr6mKbRvohxheJ9h1,ROSALÍA,"pop,r&b-en-espanol",81
7o95ZoZt5ZYn31e9z1Hc0a,Natasha Bedingfield,"dance-pop,pop,post-teen-pop",75
7sfl4Xt5KmfyDs2T3SVSMK,Lil Jon,"atl-hip-hop,crunk,dance-pop,dirty-south-rap,old-school-atlanta-hip-hop,pop-rap,southern-hip-hop,trap",75
7tYKF4w9nC0nq9CsPZTHyP,SZA,"pop,r&b,rap",90
7uMDnSZyUYNBPLhPMNuaM2,Kenya Grace,singer-songwriter-pop,69
7v4imS0moSyGdXyLgVTIV7,Nat King Cole,"adult-standards,easy-listening,lounge,soul,swing,vocal-jazz",72
6V5fHkuCfZknzDBr5Wm7Rj,leftovermax,,85
